Workbook

Sheet Validación de datos
A1: Programas | B1: Siglas programas | C1: Zona influencia | D1: Provincia | E1: Comunidad Autónoma | F1: Concepto | G1: Mes | H1: Lm/san | I1: Trimestre | J1: Cta.banco | K1: Tipo de curso | L1: Opciones | M1: Extras ponente coordinador | N1: PAIS VASCO | O1: Cargo | P1: Curso/Congreso/Jornada | Q1: Opciones2 | R1: años | S1: Columna5 | T1: Columna6 | U1: Columna7
A2: Agárrate a la vida | B2: AGV | C2: Almería | D2: Álava | E2: Andalucía | F2: Charlas | G2: enero | H2: Lm | I2: 1 tri | J2: General | K2: Total | L2: Si | M2: 5 | N2: Prov. | O2: Directora de AESLEME | P2: Curso | Q2: Ponencia | R2: 2025
A3: Atención a víctimas | B3: ATT | C3: Cádiz | D3: Albacete | E3: Aragón | F3: Coordinación | G3: febrero | H3: Sant | I3: 2 tri | J3: IRPF | K3: Parcial | L3: No | M3: 15 | N3: Fuera prov. | O3: Formador de AESLEME | P3: Jornada | Q3: Asistencia | R3: 2026
A4: Cursos de reeducación del carné por puntos | B4: CXPTOS | C4: Córdoba | D4: Alicante | E4: Asturias | F4: Kilometraje | G4: marzo | H4: Lm/san | I4: 3 tri | L4: Nómina | O4: Delegado Provincial de AESLEME | P4: Comisiones de Educación Vial JPT | R4: 2027
A5: Curso de empresa | B5: CE | C5: Granada, Sevilla, Jaén | D5: Almería | E5: Baleares | F5: Ch+km | G5: abril | H5: Conductor | I5: 4 tri | L5: Online | O5: Formadora de AELSEME | P5: Grupos de Trabajo | R5: 2028
A6: Defiéndete a ti mismo | B6: DTM | C6: Huelva | D6: Asturias | E6: Canarias | F6: Charlas x Nómina | G6: mayo | L6: Nómina online | O6: Delegada Provincial de AESLEME | P6: Reunión | R6: 2029
A7: Desplázate seguro y protégeles | B7: DSYP | C7: Málaga | D7: Ávila | E7: Cantabria | G7: junio | R7: 2030
A8: Jornadas | B8: J | C8: Aragón | D8: Badajoz | E8: Castilla La Mancha | G8: julio | R8: 2031
A9: Muévete de forma segura | B9: MFS | C9: Asturias | D9: Barcelona | E9: Castilla y León | G9: agosto
A10: Seguro por tu ciudad | B10: SXTC | C10: Canarias | D10: Burgos | E10: Cataluña | G10: septiembre
A11: Road Show | B11: RS | C11: Guadalajara | D11: C.E.M.J. | E11: Ceuta | G11: octubre
A12: Si controlas, vuelves | B12: SCV | C12: Toledo | D12: Cabrera | E12: Comunidad de Madrid | G12: noviembre
A13: TASEVAL | B13: TSV | C13: Castilla y León | D13: Cáceres | E13: Comunidad Valenciana | G13: diciembre
A14: Te puede pasar | B14: TPP | C14: Comunidad de Madrid | D14: Cádiz | E14: Extremadura
A15: WSR Universidades | C15: Comunidad Valenciana | D15: Castellón | E15: Galicia
A16: WSR Militares | C16: Extremadura | D16: Ceuta | E16: La Rioja
A17: WSR Militares+DTM | C17: Galicia | D17: Ciudad Real | E17: Melilla
C18: País Vasco | D18: Córdoba | E18: Murcia
C19: España | D19: Cuenca | E19: Navarra
D20: El Hierro | E20: País Vasco
D21: Formentera
D22: Fuenlabrada
D23: Fuerteventura
D24: Gerona
D25: Getafe
D26: Gomera
D27: Gran Canaria
D28: Granada
D29: Guadalajara
D30: Guipúzcoa
D31: Huelva
D32: Huesca
... D66: Zaragoza

Sheet TARIFAS
A1: PROGRAMAS TARIFAS | B1: CODIGO | C1: COSTE BASE PRESENCIAL 1 | D1: COSTE BASE ONLINE 1 | E1: COSTE BASE PRESENCIAL 2 | F1: COSTE BASE ONLINE 2 | G1: FUERA PROVINCIA | H1: PRECIO POR KM | I1: KM A RESTAR | J1: COORD LOGRA CONF | K1: RETENCIÓN
A2: SEGURO POR TU CIUDAD | B2: SXTC | C2: 50 | D2: 40 | E2: 75 | F2: 55 | G2: 100 | H2: 0.26 | I2: -25 | K2: 0.15
A3: TE PUEDE PASAR | B3: TPP | C3: 50 | D3: 40 | E3: 75 | F3: 55 | G3: 100 | H3: 0.26 | I3: -25 | K3: 0.15
A4: SI CONTROLAS, VUELVES | B4: SCV | C4: 50 | D4: 40 | E4: 75 | F4: 55 | G4: 100 | H4: 0.26 | I4: -25 | K4: 0.15
A5: AGÁRRATE A LA VIDA | B5: AGV | C5: 50 | D5: 40 | E5: 75 | F5: 55 | G5: 100 | H5: 0.26 | I5: -25 | J5: 60 | K5: 0.15
A6: DESPLÁZA SEGURO Y PROTÉGELES | B6: DSYP | C6: 50 | D6: 40 | E6: 75 | F6: 55 | G6: 90 | H6: 0.26 | I6: -25 | K6: 0.15
A7: CURSO DE EMPRESA | B7: CE | C7: 60 | D7: 40 | E7: 100 | F7: 55 | H7: 0.26 | I7: -25 | K7: 0.15
A8: JORNADA | B8: J | C8: 50 | D8: 40 | E8: 75 | F8: 55 | H8: 0.26 | I8: -25 | K8: 0.15
A9: DRINKING DRIVING NEVER MILITARES | B9: DDNMIL | C9: 50 | D9: 40 | E9: 75 | F9: 55 | H9: 0.26 | I9: -25 | K9: 0.15
A10: DRINKING DRIVING NEVER UNIVERSIDADES | B10: DDNUNI | C10: 40 | D10: 40 | E10: 60 | F10: 55 | H10: 0.26 | I10: -25 | K10: 0.15
A11: ROAD SHOW | B11: RS | C11: 50 | D11: 40 | E11: 80 | F11: 55 | G11: 75 | H11: 0.26 | I11: -25 | K11: 0.15
A12: TEATRO | B12: TTRO | C12: 50 | D12: 40 | E12: 80 | F12: 55 | G12: 90 | H12: 0.26 | I12: -25 | K12: 0.15
A13: DEFIÉNDETE A TI MISMO | B13: DTM | C13: 50 | D13: 40 | E13: 75 | F13: 55 | H13: 0.26 | I13: -25 | K13: 0.15
A14: TASEVAL | B14: TSV | C14: 50 | D14: 40 | E14: - € | F14: - € | G14: 90 | H14: 0.26 | I14: -25 | K14: 0.15
A15: MUÉVETE SEGURO | B15: MS | C15: 50 | D15: 40 | E15: - € | F15: - € | H15: 0.26 | I15: -25 | K15: 0.15

Sheet FORMADORES
A1: Marca temporal | B1: Dirección de correo electrónico | C1: Email | D1: Nombre | E1: Apellidos | F1: NIF | G1: Móvil | H1: Tipo

Sheet CONFERENCIAS
A1: Marca temporal | B1: Dirección de correo electrónico | C1: Programa | D1: Estado | E1: Nombre del centro | F1: Dirección | G1: Localidad | H1: Provincia | I1: Comunidad Autónoma | J1: Fecha | K1: Número conferencias | L1: Formato | M1: Fuera de provincia | N1: ¿Hubo Formador LM? | O1: Nombre y dos apellidos de Formador LM | P1: Km LM | Q1: Km facturables LM | R1: Dietas LM | S1: ¿Hubo Formador Sanitario? | T1: Nombre y dos apellidos Formador Sanitario | U1: Km Sanitario | V1: Km facturables Sanitario | W1: Dietas Sanitario | X1: Coordinador AGV logra conf | Y1: Observaciones | Z1: Coordinador | AA1: Importe de la coordinación | AB1: Email LM | AC1: Email Sanitario

Sheet CÁLCULOS
A1: Código | B1: Código programa | C1: Código provincia | D1: Programa | E1: NºConferencias | F1: Fecha | G1: Formador LM | H1: Coordinador AGV | I1: Importe coordinación | J1: Km LM | K1: Dietas LM | L1: Coste Base LM | M1: Coste Km LM | N1: Retención LM | O1: Importe líquido LM | P1: Total LM | Q1: Formador Sanitario | R1: Km Sanitario | S1: Dietas Sanitario | T1: Coste Base Sanitario | U1: Coste Km sanitario | V1: Retención Sanitario | W1: Importe líquido Sanitario | X1: Total Sanitario | Y1: TOTAL FINAL | Z1: EMAIL LM | AA1: EMAIL SANITARIO | AB1: AÑO | AC1: MES
A2: =CONFERENCIAS!A2 | D2: =CONFERENCIAS!C2 | E2: =CONFERENCIAS!K2 | F2: =CONFERENCIAS!J2 | G2: =CONFERENCIAS!O2 | H2: =CONFERENCIAS!X2 | I2: =CONFERENCIAS!AA2 | J2: =CONFERENCIAS!P2 | K2: =CONFERENCIAS!R2 | L2: =IF(D2="",0, IF(E2=1, IF(H2="Presencial", VLOOKUP(D2,TARIFAS!A:K,3,FALSE) + IF(I2="Sí",VLOOKUP(D2,TARIFAS!A:K,5,FALSE),0), VLOOKUP(D2,TARIFAS!A:K,4,FALSE) + IF(I2="Sí",VLOOKUP(D2,TARIFAS!A:K,5,FALSE),0) ), IF(H2="Presencial", VLOOKUP(D2,TARIFAS!A:K,9,FALSE) + IF(I2="Sí",VLOOKUP(D2,TARIFAS!A:K,11,FALSE),0), VLOOKUP(D2,TARIFAS!A:K,10,FALSE) + IF(I2="Sí",VLOOKUP(D2,TARIFAS!A:K,11,FALSE),0) ) ) ) -> 0 | M2: =IF(J2="",0,MAX(0,J2 - TARIFAS!G$2) * TARIFAS!F$2) -> 0 | N2: =+L2*TARIFAS!$K$2 -> 0 | O2: =+L2-N2 -> 0 | P2: =+M2+O2+K2+(+I2-(I2*TARIFAS!$K$2)) -> 0 | Q2: =CONFERENCIAS!T2 | R2: =CONFERENCIAS!U2 | S2: =CONFERENCIAS!W2 | T2: =IF(Q2="",0, IF(E2=1, IF(H2="Presencial", VLOOKUP(D2,TARIFAS!A:K,3,FALSE) + IF(I2="Sí",VLOOKUP(D2,TARIFAS!A:K,5,FALSE),0), VLOOKUP(D2,TARIFAS!A:K,4,FALSE) + IF(I2="Sí",VLOOKUP(D2,TARIFAS!A:K,5,FALSE),0) ), IF(H2="Presencial", VLOOKUP(D2,TARIFAS!A:K,9,FALSE) + IF(I2="Sí",VLOOKUP(D2,TARIFAS!A:K,11,FALSE),0), VLOOKUP(D2,TARIFAS!A:K,10,FALSE) + IF(I2="Sí",VLOOKUP(D2,TARIFAS!A:K,11,FALSE),0) ) ) ) -> 0 | U2: =IF(R2="",0,MAX(0,R2 - TARIFAS!G$2) * TARIFAS!F$2) -> 0 | V2: =+T2*TARIFAS!$K$2 -> 0 | W2: =+T2-V2 -> 0 | X2: =+W2+U2+S2 -> 0 | Y2: =+X2+P2 -> 0 | Z2: =CONFERENCIAS!AB2 | AA2: =CONFERENCIAS!AC2 | AB2: =IF(F2="","",YEAR(+F2)) | AC2: =IF(F2="","",MES)
A3: =CONFERENCIAS!A3 | D3: =CONFERENCIAS!C3 | E3: =CONFERENCIAS!K3 | F3: =CONFERENCIAS!J3 | G3: =CONFERENCIAS!O3 | H3: =CONFERENCIAS!X3 | I3: =CONFERENCIAS!AA3 | J3: =CONFERENCIAS!P3 | K3: =CONFERENCIAS!R3 | L3: =IF(D3="",0, IF(E3=1, IF(H3="Presencial", VLOOKUP(D3,TARIFAS!A:K,3,FALSE) + IF(I3="Sí",VLOOKUP(D3,TARIFAS!A:K,5,FALSE),0), VLOOKUP(D3,TARIFAS!A:K,4,FALSE) + IF(I3="Sí",VLOOKUP(D3,TARIFAS!A:K,5,FALSE),0) ), IF(H3="Presencial", VLOOKUP(D3,TARIFAS!A:K,9,FALSE) + IF(I3="Sí",VLOOKUP(D3,TARIFAS!A:K,11,FALSE),0), VLOOKUP(D3,TARIFAS!A:K,10,FALSE) + IF(I3="Sí",VLOOKUP(D3,TARIFAS!A:K,11,FALSE),0) ) ) ) -> 0 | M3: =IF(J3="",0,MAX(0,J3 - TARIFAS!G$2) * TARIFAS!F$2) -> 0 | N3: =+L3*TARIFAS!$K$2 -> 0 | O3: =+L3-N3 -> 0 | P3: =+M3+O3+K3+(+I3-(I3*TARIFAS!$K$2)) -> 0 | Q3: =CONFERENCIAS!T3 | R3: =CONFERENCIAS!U3 | S3: =CONFERENCIAS!W3 | T3: =IF(Q3="",0, IF(E3=1, IF(H3="Presencial", VLOOKUP(D3,TARIFAS!A:K,3,FALSE) + IF(I3="Sí",VLOOKUP(D3,TARIFAS!A:K,5,FALSE),0), VLOOKUP(D3,TARIFAS!A:K,4,FALSE) + IF(I3="Sí",VLOOKUP(D3,TARIFAS!A:K,5,FALSE),0) ), IF(H3="Presencial", VLOOKUP(D3,TARIFAS!A:K,9,FALSE) + IF(I3="Sí",VLOOKUP(D3,TARIFAS!A:K,11,FALSE),0), VLOOKUP(D3,TARIFAS!A:K,10,FALSE) + IF(I3="Sí",VLOOKUP(D3,TARIFAS!A:K,11,FALSE),0) ) ) ) -> 0 | U3: =IF(R3="",0,MAX(0,R3 - TARIFAS!G$2) * TARIFAS!F$2) -> 0 | V3: =+T3*TARIFAS!$K$2 -> 0 | W3: =+T3-V3 -> 0 | X3: =+W3+U3+S3 -> 0 | Y3: =+X3+P3 -> 0 | Z3: =CONFERENCIAS!AB3 | AA3: =CONFERENCIAS!AC3 | AB3: =IF(F3="","",YEAR(+F3)) | AC3: =IF(F3="","",MES)
A4: =CONFERENCIAS!A4 | D4: =CONFERENCIAS!C4 | E4: =CONFERENCIAS!K4 | F4: =CONFERENCIAS!J4 | G4: =CONFERENCIAS!O4 | H4: =CONFERENCIAS!X4 | I4: =CONFERENCIAS!AA4 | J4: =CONFERENCIAS!P4 | K4: =CONFERENCIAS!R4 | L4: =IF(D4="",0, IF(E4=1, IF(H4="Presencial", VLOOKUP(D4,TARIFAS!A:K,3,FALSE) + IF(I4="Sí",VLOOKUP(D4,TARIFAS!A:K,5,FALSE),0), VLOOKUP(D4,TARIFAS!A:K,4,FALSE) + IF(I4="Sí",VLOOKUP(D4,TARIFAS!A:K,5,FALSE),0) ), IF(H4="Presencial", VLOOKUP(D4,TARIFAS!A:K,9,FALSE) + IF(I4="Sí",VLOOKUP(D4,TARIFAS!A:K,11,FALSE),0), VLOOKUP(D4,TARIFAS!A:K,10,FALSE) + IF(I4="Sí",VLOOKUP(D4,TARIFAS!A:K,11,FALSE),0) ) ) ) -> 0 | M4: =IF(J4="",0,MAX(0,J4 - TARIFAS!G$2) * TARIFAS!F$2) -> 0 | N4: =+L4*TARIFAS!$K$2 -> 0 | O4: =+L4-N4 -> 0 | P4: =+M4+O4+K4+(+I4-(I4*TARIFAS!$K$2)) -> 0 | Q4: =CONFERENCIAS!T4 | R4: =CONFERENCIAS!U4 | S4: =CONFERENCIAS!W4 | T4: =IF(Q4="",0, IF(E4=1, IF(H4="Presencial", VLOOKUP(D4,TARIFAS!A:K,3,FALSE) + IF(I4="Sí",VLOOKUP(D4,TARIFAS!A:K,5,FALSE),0), VLOOKUP(D4,TARIFAS!A:K,4,FALSE) + IF(I4="Sí",VLOOKUP(D4,TARIFAS!A:K,5,FALSE),0) ), IF(H4="Presencial", VLOOKUP(D4,TARIFAS!A:K,9,FALSE) + IF(I4="Sí",VLOOKUP(D4,TARIFAS!A:K,11,FALSE),0), VLOOKUP(D4,TARIFAS!A:K,10,FALSE) + IF(I4="Sí",VLOOKUP(D4,TARIFAS!A:K,11,FALSE),0) ) ) ) -> 0 | U4: =IF(R4="",0,MAX(0,R4 - TARIFAS!G$2) * TARIFAS!F$2) -> 0 | V4: =+T4*TARIFAS!$K$2 -> 0 | W4: =+T4-V4 -> 0 | X4: =+W4+U4+S4 -> 0 | Y4: =+X4+P4 -> 0 | Z4: =CONFERENCIAS!AB4 | AA4: =CONFERENCIAS!AC4 | AB4: =IF(F4="","",YEAR(+F4)) | AC4: =IF(F4="","",MES)
A5: =CONFERENCIAS!A5 | D5: =CONFERENCIAS!C5 | E5: =CONFERENCIAS!K5 | F5: =CONFERENCIAS!J5 | G5: =CONFERENCIAS!O5 | H5: =CONFERENCIAS!X5 | I5: =CONFERENCIAS!AA5 | J5: =CONFERENCIAS!P5 | K5: =CONFERENCIAS!R5 | L5: =IF(D5="",0, IF(E5=1, IF(H5="Presencial", VLOOKUP(D5,TARIFAS!A:K,3,FALSE) + IF(I5="Sí",VLOOKUP(D5,TARIFAS!A:K,5,FALSE),0), VLOOKUP(D5,TARIFAS!A:K,4,FALSE) + IF(I5="Sí",VLOOKUP(D5,TARIFAS!A:K,5,FALSE),0) ), IF(H5="Presencial", VLOOKUP(D5,TARIFAS!A:K,9,FALSE) + IF(I5="Sí",VLOOKUP(D5,TARIFAS!A:K,11,FALSE),0), VLOOKUP(D5,TARIFAS!A:K,10,FALSE) + IF(I5="Sí",VLOOKUP(D5,TARIFAS!A:K,11,FALSE),0) ) ) ) -> 0 | M5: =IF(J5="",0,MAX(0,J5 - TARIFAS!G$2) * TARIFAS!F$2) -> 0 | N5: =+L5*TARIFAS!$K$2 -> 0 | O5: =+L5-N5 -> 0 | P5: =+M5+O5+K5+(+I5-(I5*TARIFAS!$K$2)) -> 0 | Q5: =CONFERENCIAS!T5 | R5: =CONFERENCIAS!U5 | S5: =CONFERENCIAS!W5 | T5: =IF(Q5="",0, IF(E5=1, IF(H5="Presencial", VLOOKUP(D5,TARIFAS!A:K,3,FALSE) + IF(I5="Sí",VLOOKUP(D5,TARIFAS!A:K,5,FALSE),0), VLOOKUP(D5,TARIFAS!A:K,4,FALSE) + IF(I5="Sí",VLOOKUP(D5,TARIFAS!A:K,5,FALSE),0) ), IF(H5="Presencial", VLOOKUP(D5,TARIFAS!A:K,9,FALSE) + IF(I5="Sí",VLOOKUP(D5,TARIFAS!A:K,11,FALSE),0), VLOOKUP(D5,TARIFAS!A:K,10,FALSE) + IF(I5="Sí",VLOOKUP(D5,TARIFAS!A:K,11,FALSE),0) ) ) ) -> 0 | U5: =IF(R5="",0,MAX(0,R5 - TARIFAS!G$2) * TARIFAS!F$2) -> 0 | V5: =+T5*TARIFAS!$K$2 -> 0 | W5: =+T5-V5 -> 0 | X5: =+W5+U5+S5 -> 0 | Y5: =+X5+P5 -> 0 | Z5: =CONFERENCIAS!AB5 | AA5: =CONFERENCIAS!AC5 | AB5: =IF(F5="","",YEAR(+F5)) | AC5: =IF(F5="","",MES)
A6: =CONFERENCIAS!A6 | D6: =CONFERENCIAS!C6 | E6: =CONFERENCIAS!K6 | F6: =CONFERENCIAS!J6 | G6: =CONFERENCIAS!O6 | H6: =CONFERENCIAS!X6 | I6: =CONFERENCIAS!AA6 | J6: =CONFERENCIAS!P6 | K6: =CONFERENCIAS!R6 | L6: =IF(D6="",0, IF(E6=1, IF(H6="Presencial", VLOOKUP(D6,TARIFAS!A:K,3,FALSE) + IF(I6="Sí",VLOOKUP(D6,TARIFAS!A:K,5,FALSE),0), VLOOKUP(D6,TARIFAS!A:K,4,FALSE) + IF(I6="Sí",VLOOKUP(D6,TARIFAS!A:K,5,FALSE),0) ), IF(H6="Presencial", VLOOKUP(D6,TARIFAS!A:K,9,FALSE) + IF(I6="Sí",VLOOKUP(D6,TARIFAS!A:K,11,FALSE),0), VLOOKUP(D6,TARIFAS!A:K,10,FALSE) + IF(I6="Sí",VLOOKUP(D6,TARIFAS!A:K,11,FALSE),0) ) ) ) -> 0 | M6: =IF(J6="",0,MAX(0,J6 - TARIFAS!G$2) * TARIFAS!F$2) -> 0 | N6: =+L6*TARIFAS!$K$2 -> 0 | O6: =+L6-N6 -> 0 | P6: =+M6+O6+K6+(+I6-(I6*TARIFAS!$K$2)) -> 0 | Q6: =CONFERENCIAS!T6 | R6: =CONFERENCIAS!U6 | S6: =CONFERENCIAS!W6 | T6: =IF(Q6="",0, IF(E6=1, IF(H6="Presencial", VLOOKUP(D6,TARIFAS!A:K,3,FALSE) + IF(I6="Sí",VLOOKUP(D6,TARIFAS!A:K,5,FALSE),0), VLOOKUP(D6,TARIFAS!A:K,4,FALSE) + IF(I6="Sí",VLOOKUP(D6,TARIFAS!A:K,5,FALSE),0) ), IF(H6="Presencial", VLOOKUP(D6,TARIFAS!A:K,9,FALSE) + IF(I6="Sí",VLOOKUP(D6,TARIFAS!A:K,11,FALSE),0), VLOOKUP(D6,TARIFAS!A:K,10,FALSE) + IF(I6="Sí",VLOOKUP(D6,TARIFAS!A:K,11,FALSE),0) ) ) ) -> 0 | U6: =IF(R6="",0,MAX(0,R6 - TARIFAS!G$2) * TARIFAS!F$2) -> 0 | V6: =+T6*TARIFAS!$K$2 -> 0 | W6: =+T6-V6 -> 0 | X6: =+W6+U6+S6 -> 0 | Y6: =+X6+P6 -> 0 | Z6: =CONFERENCIAS!AB6 | AA6: =CONFERENCIAS!AC6 | AB6: =IF(F6="","",YEAR(+F6)) | AC6: =IF(F6="","",MES)
A7: =CONFERENCIAS!A7 | D7: =CONFERENCIAS!C7 | E7: =CONFERENCIAS!K7 | F7: =CONFERENCIAS!J7 | G7: =CONFERENCIAS!O7 | H7: =CONFERENCIAS!X7 | I7: =CONFERENCIAS!AA7 | J7: =CONFERENCIAS!P7 | K7: =CONFERENCIAS!R7 | L7: =IF(D7="",0, IF(E7=1, IF(H7="Presencial", VLOOKUP(D7,TARIFAS!A:K,3,FALSE) + IF(I7="Sí",VLOOKUP(D7,TARIFAS!A:K,5,FALSE),0), VLOOKUP(D7,TARIFAS!A:K,4,FALSE) + IF(I7="Sí",VLOOKUP(D7,TARIFAS!A:K,5,FALSE),0) ), IF(H7="Presencial", VLOOKUP(D7,TARIFAS!A:K,9,FALSE) + IF(I7="Sí",VLOOKUP(D7,TARIFAS!A:K,11,FALSE),0), VLOOKUP(D7,TARIFAS!A:K,10,FALSE) + IF(I7="Sí",VLOOKUP(D7,TARIFAS!A:K,11,FALSE),0) ) ) ) -> 0 | M7: =IF(J7="",0,MAX(0,J7 - TARIFAS!G$2) * TARIFAS!F$2) -> 0 | N7: =+L7*TARIFAS!$K$2 -> 0 | O7: =+L7-N7 -> 0 | P7: =+M7+O7+K7+(+I7-(I7*TARIFAS!$K$2)) -> 0 | Q7: =CONFERENCIAS!T7 | R7: =CONFERENCIAS!U7 | S7: =CONFERENCIAS!W7 | T7: =IF(Q7="",0, IF(E7=1, IF(H7="Presencial", VLOOKUP(D7,TARIFAS!A:K,3,FALSE) + IF(I7="Sí",VLOOKUP(D7,TARIFAS!A:K,5,FALSE),0), VLOOKUP(D7,TARIFAS!A:K,4,FALSE) + IF(I7="Sí",VLOOKUP(D7,TARIFAS!A:K,5,FALSE),0) ), IF(H7="Presencial", VLOOKUP(D7,TARIFAS!A:K,9,FALSE) + IF(I7="Sí",VLOOKUP(D7,TARIFAS!A:K,11,FALSE),0), VLOOKUP(D7,TARIFAS!A:K,10,FALSE) + IF(I7="Sí",VLOOKUP(D7,TARIFAS!A:K,11,FALSE),0) ) ) ) -> 0 | U7: =IF(R7="",0,MAX(0,R7 - TARIFAS!G$2) * TARIFAS!F$2) -> 0 | V7: =+T7*TARIFAS!$K$2 -> 0 | W7: =+T7-V7 -> 0 | X7: =+W7+U7+S7 -> 0 | Y7: =+X7+P7 -> 0 | Z7: =CONFERENCIAS!AB7 | AA7: =CONFERENCIAS!AC7 | AB7: =IF(F7="","",YEAR(+F7)) | AC7: =IF(F7="","",MES)
A8: =CONFERENCIAS!A8 | D8: =CONFERENCIAS!C8 | E8: =CONFERENCIAS!K8 | F8: =CONFERENCIAS!J8 | G8: =CONFERENCIAS!O8 | H8: =CONFERENCIAS!X8 | I8: =CONFERENCIAS!AA8 | J8: =CONFERENCIAS!P8 | K8: =CONFERENCIAS!R8 | L8: =IF(D8="",0, IF(E8=1, IF(H8="Presencial", VLOOKUP(D8,TARIFAS!A:K,3,FALSE) + IF(I8="Sí",VLOOKUP(D8,TARIFAS!A:K,5,FALSE),0), VLOOKUP(D8,TARIFAS!A:K,4,FALSE) + IF(I8="Sí",VLOOKUP(D8,TARIFAS!A:K,5,FALSE),0) ), IF(H8="Presencial", VLOOKUP(D8,TARIFAS!A:K,9,FALSE) + IF(I8="Sí",VLOOKUP(D8,TARIFAS!A:K,11,FALSE),0), VLOOKUP(D8,TARIFAS!A:K,10,FALSE) + IF(I8="Sí",VLOOKUP(D8,TARIFAS!A:K,11,FALSE),0) ) ) ) -> 0 | M8: =IF(J8="",0,MAX(0,J8 - TARIFAS!G$2) * TARIFAS!F$2) -> 0 | N8: =+L8*TARIFAS!$K$2 -> 0 | O8: =+L8-N8 -> 0 | P8: =+M8+O8+K8+(+I8-(I8*TARIFAS!$K$2)) -> 0 | Q8: =CONFERENCIAS!T8 | R8: =CONFERENCIAS!U8 | S8: =CONFERENCIAS!W8 | T8: =IF(Q8="",0, IF(E8=1, IF(H8="Presencial", VLOOKUP(D8,TARIFAS!A:K,3,FALSE) + IF(I8="Sí",VLOOKUP(D8,TARIFAS!A:K,5,FALSE),0), VLOOKUP(D8,TARIFAS!A:K,4,FALSE) + IF(I8="Sí",VLOOKUP(D8,TARIFAS!A:K,5,FALSE),0) ), IF(H8="Presencial", VLOOKUP(D8,TARIFAS!A:K,9,FALSE) + IF(I8="Sí",VLOOKUP(D8,TARIFAS!A:K,11,FALSE),0), VLOOKUP(D8,TARIFAS!A:K,10,FALSE) + IF(I8="Sí",VLOOKUP(D8,TARIFAS!A:K,11,FALSE),0) ) ) ) -> 0 | U8: =IF(R8="",0,MAX(0,R8 - TARIFAS!G$2) * TARIFAS!F$2) -> 0 | V8: =+T8*TARIFAS!$K$2 -> 0 | W8: =+T8-V8 -> 0 | X8: =+W8+U8+S8 -> 0 | Y8: =+X8+P8 -> 0 | Z8: =CONFERENCIAS!AB8 | AA8: =CONFERENCIAS!AC8 | AB8: =IF(F8="","",YEAR(+F8)) | AC8: =IF(F8="","",MES)
A9: =CONFERENCIAS!A9 | D9: =CONFERENCIAS!C9 | E9: =CONFERENCIAS!K9 | F9: =CONFERENCIAS!J9 | G9: =CONFERENCIAS!O9 | H9: =CONFERENCIAS!X9 | I9: =CONFERENCIAS!AA9 | J9: =CONFERENCIAS!P9 | K9: =CONFERENCIAS!R9 | L9: =IF(D9="",0, IF(E9=1, IF(H9="Presencial", VLOOKUP(D9,TARIFAS!A:K,3,FALSE) + IF(I9="Sí",VLOOKUP(D9,TARIFAS!A:K,5,FALSE),0), VLOOKUP(D9,TARIFAS!A:K,4,FALSE) + IF(I9="Sí",VLOOKUP(D9,TARIFAS!A:K,5,FALSE),0) ), IF(H9="Presencial", VLOOKUP(D9,TARIFAS!A:K,9,FALSE) + IF(I9="Sí",VLOOKUP(D9,TARIFAS!A:K,11,FALSE),0), VLOOKUP(D9,TARIFAS!A:K,10,FALSE) + IF(I9="Sí",VLOOKUP(D9,TARIFAS!A:K,11,FALSE),0) ) ) ) -> 0 | M9: =IF(J9="",0,MAX(0,J9 - TARIFAS!G$2) * TARIFAS!F$2) -> 0 | N9: =+L9*TARIFAS!$K$2 -> 0 | O9: =+L9-N9 -> 0 | P9: =+M9+O9+K9+(+I9-(I9*TARIFAS!$K$2)) -> 0 | Q9: =CONFERENCIAS!T9 | R9: =CONFERENCIAS!U9 | S9: =CONFERENCIAS!W9 | T9: =IF(Q9="",0, IF(E9=1, IF(H9="Presencial", VLOOKUP(D9,TARIFAS!A:K,3,FALSE) + IF(I9="Sí",VLOOKUP(D9,TARIFAS!A:K,5,FALSE),0), VLOOKUP(D9,TARIFAS!A:K,4,FALSE) + IF(I9="Sí",VLOOKUP(D9,TARIFAS!A:K,5,FALSE),0) ), IF(H9="Presencial", VLOOKUP(D9,TARIFAS!A:K,9,FALSE) + IF(I9="Sí",VLOOKUP(D9,TARIFAS!A:K,11,FALSE),0), VLOOKUP(D9,TARIFAS!A:K,10,FALSE) + IF(I9="Sí",VLOOKUP(D9,TARIFAS!A:K,11,FALSE),0) ) ) ) -> 0 | U9: =IF(R9="",0,MAX(0,R9 - TARIFAS!G$2) * TARIFAS!F$2) -> 0 | V9: =+T9*TARIFAS!$K$2 -> 0 | W9: =+T9-V9 -> 0 | X9: =+W9+U9+S9 -> 0 | Y9: =+X9+P9 -> 0 | Z9: =CONFERENCIAS!AB9 | AA9: =CONFERENCIAS!AC9 | AB9: =IF(F9="","",YEAR(+F9)) | AC9: =IF(F9="","",MES)
A10: =CONFERENCIAS!A10 | D10: =CONFERENCIAS!C10 | E10: =CONFERENCIAS!K10 | F10: =CONFERENCIAS!J10 | G10: =CONFERENCIAS!O10 | H10: =CONFERENCIAS!X10 | I10: =CONFERENCIAS!AA10 | J10: =CONFERENCIAS!P10 | K10: =CONFERENCIAS!R10 | L10: =IF(D10="",0, IF(E10=1, IF(H10="Presencial", VLOOKUP(D10,TARIFAS!A:K,3,FALSE) + IF(I10="Sí",VLOOKUP(D10,TARIFAS!A:K,5,FALSE),0), VLOOKUP(D10,TARIFAS!A:K,4,FALSE) + IF(I10="Sí",VLOOKUP(D10,TARIFAS!A:K,5,FALSE),0) ), IF(H10="Presencial", VLOOKUP(D10,TARIFAS!A:K,9,FALSE) + IF(I10="Sí",VLOOKUP(D10,TARIFAS!A:K,11,FALSE),0), VLOOKUP(D10,TARIFAS!A:K,10,FALSE) + IF(I10="Sí",VLOOKUP(D10,TARIFAS!A:K,11,FALSE),0) ) ) ) -> 0 | M10: =IF(J10="",0,MAX(0,J10 - TARIFAS!G$2) * TARIFAS!F$2) -> 0 | N10: =+L10*TARIFAS!$K$2 -> 0 | O10: =+L10-N10 -> 0 | P10: =+M10+O10+K10+(+I10-(I10*TARIFAS!$K$2)) -> 0 | Q10: =CONFERENCIAS!T10 | R10: =CONFERENCIAS!U10 | S10: =CONFERENCIAS!W10 | T10: =IF(Q10="",0, IF(E10=1, IF(H10="Presencial", VLOOKUP(D10,TARIFAS!A:K,3,FALSE) + IF(I10="Sí",VLOOKUP(D10,TARIFAS!A:K,5,FALSE),0), VLOOKUP(D10,TARIFAS!A:K,4,FALSE) + IF(I10="Sí",VLOOKUP(D10,TARIFAS!A:K,5,FALSE),0) ), IF(H10="Presencial", VLOOKUP(D10,TARIFAS!A:K,9,FALSE) + IF(I10="Sí",VLOOKUP(D10,TARIFAS!A:K,11,FALSE),0), VLOOKUP(D10,TARIFAS!A:K,10,FALSE) + IF(I10="Sí",VLOOKUP(D10,TARIFAS!A:K,11,FALSE),0) ) ) ) -> 0 | U10: =IF(R10="",0,MAX(0,R10 - TARIFAS!G$2) * TARIFAS!F$2) -> 0 | V10: =+T10*TARIFAS!$K$2 -> 0 | W10: =+T10-V10 -> 0 | X10: =+W10+U10+S10 -> 0 | Y10: =+X10+P10 -> 0 | Z10: =CONFERENCIAS!AB10 | AA10: =CONFERENCIAS!AC10 | AB10: =IF(F10="","",YEAR(+F10)) | AC10: =IF(F10="","",MES)
A11: =CONFERENCIAS!A11 | D11: =CONFERENCIAS!C11 | E11: =CONFERENCIAS!K11 | F11: =CONFERENCIAS!J11 | G11: =CONFERENCIAS!O11 | H11: =CONFERENCIAS!X11 | I11: =CONFERENCIAS!AA11 | J11: =CONFERENCIAS!P11 | K11: =CONFERENCIAS!R11 | L11: =IF(D11="",0, IF(E11=1, IF(H11="Presencial", VLOOKUP(D11,TARIFAS!A:K,3,FALSE) + IF(I11="Sí",VLOOKUP(D11,TARIFAS!A:K,5,FALSE),0), VLOOKUP(D11,TARIFAS!A:K,4,FALSE) + IF(I11="Sí",VLOOKUP(D11,TARIFAS!A:K,5,FALSE),0) ), IF(H11="Presencial", VLOOKUP(D11,TARIFAS!A:K,9,FALSE) + IF(I11="Sí",VLOOKUP(D11,TARIFAS!A:K,11,FALSE),0), VLOOKUP(D11,TARIFAS!A:K,10,FALSE) + IF(I11="Sí",VLOOKUP(D11,TARIFAS!A:K,11,FALSE),0) ) ) ) -> 0 | M11: =IF(J11="",0,MAX(0,J11 - TARIFAS!G$2) * TARIFAS!F$2) -> 0 | N11: =+L11*TARIFAS!$K$2 -> 0 | O11: =+L11-N11 -> 0 | P11: =+M11+O11+K11+(+I11-(I11*TARIFAS!$K$2)) -> 0 | Q11: =CONFERENCIAS!T11 | R11: =CONFERENCIAS!U11 | S11: =CONFERENCIAS!W11 | T11: =IF(Q11="",0, IF(E11=1, IF(H11="Presencial", VLOOKUP(D11,TARIFAS!A:K,3,FALSE) + IF(I11="Sí",VLOOKUP(D11,TARIFAS!A:K,5,FALSE),0), VLOOKUP(D11,TARIFAS!A:K,4,FALSE) + IF(I11="Sí",VLOOKUP(D11,TARIFAS!A:K,5,FALSE),0) ), IF(H11="Presencial", VLOOKUP(D11,TARIFAS!A:K,9,FALSE) + IF(I11="Sí",VLOOKUP(D11,TARIFAS!A:K,11,FALSE),0), VLOOKUP(D11,TARIFAS!A:K,10,FALSE) + IF(I11="Sí",VLOOKUP(D11,TARIFAS!A:K,11,FALSE),0) ) ) ) -> 0 | U11: =IF(R11="",0,MAX(0,R11 - TARIFAS!G$2) * TARIFAS!F$2) -> 0 | V11: =+T11*TARIFAS!$K$2 -> 0 | W11: =+T11-V11 -> 0 | X11: =+W11+U11+S11 -> 0 | Y11: =+X11+P11 -> 0 | Z11: =CONFERENCIAS!AB11 | AA11: =CONFERENCIAS!AC11 | AB11: =IF(F11="","",YEAR(+F11)) | AC11: =IF(F11="","",MES)
A12: =CONFERENCIAS!A12 | D12: =CONFERENCIAS!C12 | E12: =CONFERENCIAS!K12 | F12: =CONFERENCIAS!J12 | G12: =CONFERENCIAS!O12 | H12: =CONFERENCIAS!X12 | I12: =CONFERENCIAS!AA12 | J12: =CONFERENCIAS!P12 | K12: =CONFERENCIAS!R12 | L12: =IF(D12="",0, IF(E12=1, IF(H12="Presencial", VLOOKUP(D12,TARIFAS!A:K,3,FALSE) + IF(I12="Sí",VLOOKUP(D12,TARIFAS!A:K,5,FALSE),0), VLOOKUP(D12,TARIFAS!A:K,4,FALSE) + IF(I12="Sí",VLOOKUP(D12,TARIFAS!A:K,5,FALSE),0) ), IF(H12="Presencial", VLOOKUP(D12,TARIFAS!A:K,9,FALSE) + IF(I12="Sí",VLOOKUP(D12,TARIFAS!A:K,11,FALSE),0), VLOOKUP(D12,TARIFAS!A:K,10,FALSE) + IF(I12="Sí",VLOOKUP(D12,TARIFAS!A:K,11,FALSE),0) ) ) ) -> 0 | M12: =IF(J12="",0,MAX(0,J12 - TARIFAS!G$2) * TARIFAS!F$2) -> 0 | N12: =+L12*TARIFAS!$K$2 -> 0 | O12: =+L12-N12 -> 0 | P12: =+M12+O12+K12+(+I12-(I12*TARIFAS!$K$2)) -> 0 | Q12: =CONFERENCIAS!T12 | R12: =CONFERENCIAS!U12 | S12: =CONFERENCIAS!W12 | T12: =IF(Q12="",0, IF(E12=1, IF(H12="Presencial", VLOOKUP(D12,TARIFAS!A:K,3,FALSE) + IF(I12="Sí",VLOOKUP(D12,TARIFAS!A:K,5,FALSE),0), VLOOKUP(D12,TARIFAS!A:K,4,FALSE) + IF(I12="Sí",VLOOKUP(D12,TARIFAS!A:K,5,FALSE),0) ), IF(H12="Presencial", VLOOKUP(D12,TARIFAS!A:K,9,FALSE) + IF(I12="Sí",VLOOKUP(D12,TARIFAS!A:K,11,FALSE),0), VLOOKUP(D12,TARIFAS!A:K,10,FALSE) + IF(I12="Sí",VLOOKUP(D12,TARIFAS!A:K,11,FALSE),0) ) ) ) -> 0 | U12: =IF(R12="",0,MAX(0,R12 - TARIFAS!G$2) * TARIFAS!F$2) -> 0 | V12: =+T12*TARIFAS!$K$2 -> 0 | W12: =+T12-V12 -> 0 | X12: =+W12+U12+S12 -> 0 | Y12: =+X12+P12 -> 0 | Z12: =CONFERENCIAS!AB12 | AA12: =CONFERENCIAS!AC12 | AB12: =IF(F12="","",YEAR(+F12)) | AC12: =IF(F12="","",MES)
A13: =CONFERENCIAS!A13 | D13: =CONFERENCIAS!C13 | E13: =CONFERENCIAS!K13 | F13: =CONFERENCIAS!J13 | G13: =CONFERENCIAS!O13 | H13: =CONFERENCIAS!X13 | I13: =CONFERENCIAS!AA13 | J13: =CONFERENCIAS!P13 | K13: =CONFERENCIAS!R13 | L13: =IF(D13="",0, IF(E13=1, IF(H13="Presencial", VLOOKUP(D13,TARIFAS!A:K,3,FALSE) + IF(I13="Sí",VLOOKUP(D13,TARIFAS!A:K,5,FALSE),0), VLOOKUP(D13,TARIFAS!A:K,4,FALSE) + IF(I13="Sí",VLOOKUP(D13,TARIFAS!A:K,5,FALSE),0) ), IF(H13="Presencial", VLOOKUP(D13,TARIFAS!A:K,9,FALSE) + IF(I13="Sí",VLOOKUP(D13,TARIFAS!A:K,11,FALSE),0), VLOOKUP(D13,TARIFAS!A:K,10,FALSE) + IF(I13="Sí",VLOOKUP(D13,TARIFAS!A:K,11,FALSE),0) ) ) ) -> 0 | M13: =IF(J13="",0,MAX(0,J13 - TARIFAS!G$2) * TARIFAS!F$2) -> 0 | N13: =+L13*TARIFAS!$K$2 -> 0 | O13: =+L13-N13 -> 0 | P13: =+M13+O13+K13+(+I13-(I13*TARIFAS!$K$2)) -> 0 | Q13: =CONFERENCIAS!T13 | R13: =CONFERENCIAS!U13 | S13: =CONFERENCIAS!W13 | T13: =IF(Q13="",0, IF(E13=1, IF(H13="Presencial", VLOOKUP(D13,TARIFAS!A:K,3,FALSE) + IF(I13="Sí",VLOOKUP(D13,TARIFAS!A:K,5,FALSE),0), VLOOKUP(D13,TARIFAS!A:K,4,FALSE) + IF(I13="Sí",VLOOKUP(D13,TARIFAS!A:K,5,FALSE),0) ), IF(H13="Presencial", VLOOKUP(D13,TARIFAS!A:K,9,FALSE) + IF(I13="Sí",VLOOKUP(D13,TARIFAS!A:K,11,FALSE),0), VLOOKUP(D13,TARIFAS!A:K,10,FALSE) + IF(I13="Sí",VLOOKUP(D13,TARIFAS!A:K,11,FALSE),0) ) ) ) -> 0 | U13: =IF(R13="",0,MAX(0,R13 - TARIFAS!G$2) * TARIFAS!F$2) -> 0 | V13: =+T13*TARIFAS!$K$2 -> 0 | W13: =+T13-V13 -> 0 | X13: =+W13+U13+S13 -> 0 | Y13: =+X13+P13 -> 0 | Z13: =CONFERENCIAS!AB13 | AA13: =CONFERENCIAS!AC13 | AB13: =IF(F13="","",YEAR(+F13)) | AC13: =IF(F13="","",MES)
... A1000: =CONFERENCIAS!A1000 | D1000: =CONFERENCIAS!C1000 | E1000: =CONFERENCIAS!K1000 | F1000: =CONFERENCIAS!J1000 | G1000: =CONFERENCIAS!O1000 | H1000: =CONFERENCIAS!X1000 | I1000: =CONFERENCIAS!AA1000 | J1000: =CONFERENCIAS!P1000 | K1000: =CONFERENCIAS!R1000 | L1000: =IF(D1000="",0, IF(E1000=1, IF(H1000="Presencial", VLOOKUP(D1000,TARIFAS!A:K,3,FALSE) + IF(I1000="Sí",VLOOKUP(D1000,TARIFAS!A:K,5,FALSE),0), VLOOKUP(D1000,TARIFAS!A:K,4,FALSE) + IF(I1000="Sí",VLOOKUP(D1000,TARIFAS!A:K,5,FALSE),0) ), IF(H1000="Presencial", VLOOKUP(D1000,TARIFAS!A:K,9,FALSE) + IF(I1000="Sí",VLOOKUP(D1000,TARIFAS!A:K,11,FALSE),0), VLOOKUP(D1000,TARIFAS!A:K,10,FALSE) + IF(I1000="Sí",VLOOKUP(D1000,TARIFAS!A:K,11,FALSE),0) ) ) ) -> 0 | M1000: =IF(J1000="",0,MAX(0,J1000 - TARIFAS!G$2) * TARIFAS!F$2) -> 0 | N1000: =+L1000*TARIFAS!$K$2 -> 0 | O1000: =+L1000-N1000 -> 0 | P1000: =+M1000+O1000+K1000+(+I1000-(I1000*TARIFAS!$K$2)) -> 0 | Q1000: =CONFERENCIAS!T1000 | R1000: =CONFERENCIAS!U1000 | S1000: =CONFERENCIAS!W1000 | T1000: =IF(Q1000="",0, IF(E1000=1, IF(H1000="Presencial", VLOOKUP(D1000,TARIFAS!A:K,3,FALSE) + IF(I1000="Sí",VLOOKUP(D1000,TARIFAS!A:K,5,FALSE),0), VLOOKUP(D1000,TARIFAS!A:K,4,FALSE) + IF(I1000="Sí",VLOOKUP(D1000,TARIFAS!A:K,5,FALSE),0) ), IF(H1000="Presencial", VLOOKUP(D1000,TARIFAS!A:K,9,FALSE) + IF(I1000="Sí",VLOOKUP(D1000,TARIFAS!A:K,11,FALSE),0), VLOOKUP(D1000,TARIFAS!A:K,10,FALSE) + IF(I1000="Sí",VLOOKUP(D1000,TARIFAS!A:K,11,FALSE),0) ) ) ) -> 0 | U1000: =IF(R1000="",0,MAX(0,R1000 - TARIFAS!G$2) * TARIFAS!F$2) -> 0 | V1000: =+T1000*TARIFAS!$K$2 -> 0 | W1000: =+T1000-V1000 -> 0 | X1000: =+W1000+U1000+S1000 -> 0 | Y1000: =+X1000+P1000 -> 0 | Z1000: =CONFERENCIAS!AB1000 | AA1000: =CONFERENCIAS!AC1000 | AB1000: =IF(F1000="","",YEAR(+F1000)) | AC1000: =IF(F1000="","",MES)

Sheet Resumen formador

Sheet Resumen_Formador LM
A1: Email formador LM | B1: Nombre formador LM | C1: Mes | D1: Mes número | E1: Año | F1: Total formador bruto | G1: Retención formación | H1: Formación neta | I1: Total Km | J1: Importe Km | K1: Total dietas | L1: Importe coordinación | M1: Total bruto | N1: Total retención | O1: Total Líquido
B2: =IF(A2="","",VLOOKUP(A2,'CÁLCULOS'!Z2:Z1000,7,FALSE)) | C2: enero | D2: {=CHOOSE( MATCH( LOWER(C1), {"enero";"febrero";"marzo";"abril";"mayo";"junio";"julio";"agosto";"septiembre";"octubre";"noviembre";"diciembre"}, 0 ), 1,2,3,4,5,6,7,8,9,10,11,12 )} -> #N/A | F2: =+SUMIFS(M2:M1000,AA2,AA1000,$A2,AD2:AD1000,$C2,AC2,AC1000,$E2) -> #VALUE!

Sheet Resumen_Formador Sanitario
A1: Email formador Sanitario | B1: Nombre formador Sanitario | C1: Mes | D1: Año | E1: Total formador bruto | F1: Retención formación | G1: Formación neta | H1: Total Km | I1: Importe Km | J1: Total dietas | K1: Importe coordinación | L1: Total bruto | M1: Total retención | N1: Total Líquido
B2: =IF(A2="","",VLOOKUP(A2,'CÁLCULOS'!AA2:AA1000,17,FALSE))
